country,year,busi,rank_busi
Ivory Coast,2015,47.941856384277344,104
Georgia,2015,54.07914352416992,63
Chad,2015,37.091087341308594,142
Togo,2015,42.9136848449707,125
Zimbabwe,2015,40.51321029663086,133
Ivory Coast,2016,47.941856384277344,104
Georgia,2016,54.07914352416992,63
Chad,2016,37.091087341308594,142
Togo,2016,42.9136848449707,125
Zimbabwe,2016,40.51321029663086,133
