country,year,busi,rank_busi
Ivory Coast,2015,48.55162811279297,102
Georgia,2015,54.36470031738281,60
Chad,2015,36.98208236694336,141
Togo,2015,42.93889236450195,126
Zimbabwe,2015,39.571510314941406,136
Ivory Coast,2016,48.55162811279297,102
Georgia,2016,54.36470031738281,60
Chad,2016,36.98208236694336,141
Togo,2016,42.93889236450195,126
Zimbabwe,2016,39.571510314941406,136
