country,year,econ,rank_econ
Ivory Coast,2015,53.21480178833008,119
Georgia,2015,58.46744155883789,98
Chad,2015,46.34559631347656,139
Togo,2015,50.21730041503906,126
Zimbabwe,2015,57.94685363769531,103
Ivory Coast,2016,53.21480178833008,119
Georgia,2016,58.46744155883789,98
Chad,2016,46.34559631347656,139
Togo,2016,50.21730041503906,127
Zimbabwe,2016,57.94685363769531,103
