country,year,econ,rank_econ
Ivory Coast,2015,53.460975646972656,118
Georgia,2015,59.935546875,85
Chad,2015,45.78312301635742,140
Togo,2015,50.595333099365234,126
Zimbabwe,2015,58.17464065551758,98
Ivory Coast,2016,53.460975646972656,118
Georgia,2016,59.935546875,85
Chad,2016,45.78312301635742,140
Togo,2016,50.595333099365234,126
Zimbabwe,2016,58.17464065551758,99
