country,year,educ,rank_educ
Ivory Coast,2015,26.663909912109375,139
Georgia,2015,60.93328094482422,55
Chad,2015,19.313278198242188,147
Togo,2015,34.647972106933594,129
Zimbabwe,2015,53.661285400390625,88
Ivory Coast,2016,26.663909912109375,139
Georgia,2016,60.93328094482422,55
Chad,2016,19.313278198242188,147
Togo,2016,34.647972106933594,129
Zimbabwe,2016,53.661285400390625,88
