country,year,educ,rank_educ
Ivory Coast,2015,27.157238006591797,137
Georgia,2015,60.596588134765625,57
Chad,2015,18.663970947265625,147
Togo,2015,37.605323791503906,125
Zimbabwe,2015,53.34025573730469,90
Ivory Coast,2016,27.157238006591797,137
Georgia,2016,60.596588134765625,57
Chad,2016,18.663970947265625,147
Togo,2016,37.605323791503906,125
Zimbabwe,2016,53.34025573730469,90
