country,year,envi,rank_envi
Ivory Coast,2015,60.42685317993164,80
Georgia,2015,54.84871292114258,115
Chad,2015,54.79677200317383,116
Togo,2015,59.16263961791992,94
Zimbabwe,2015,53.48450469970703,122
Ivory Coast,2016,60.42685317993164,80
Georgia,2016,54.84871292114258,115
Chad,2016,54.79677200317383,116
Togo,2016,59.16263961791992,94
Zimbabwe,2016,53.48450469970703,122
