country,year,envi,rank_envi
Ivory Coast,2015,60.01203918457031,85
Georgia,2015,54.88081741333008,115
Chad,2015,54.72621154785156,116
Togo,2015,59.011531829833984,95
Zimbabwe,2015,53.27655792236328,124
Ivory Coast,2016,60.01203918457031,85
Georgia,2016,54.88081741333008,115
Chad,2016,54.72621154785156,116
Togo,2016,59.011531829833984,95
Zimbabwe,2016,53.27655792236328,124
