country,year,gove,rank_gove
Ivory Coast,2015,38.884197795341514,106
Georgia,2015,53.996130481959426,52
Chad,2015,22.30805855348014,149
Togo,2015,35.83335295715944,120
Zimbabwe,2015,32.7832000706412,134
Ivory Coast,2016,38.884197795341514,106
Georgia,2016,53.996130481959426,52
Chad,2016,22.30805855348014,148
Togo,2016,35.83335295715944,120
Zimbabwe,2016,32.7832000706412,134
