country,year,gove,rank_gove
Ivory Coast,2015,40.992271423339844,102
Georgia,2015,54.887935638427734,43
Chad,2015,23.882293701171875,149
Togo,2015,37.764427185058594,117
Zimbabwe,2015,33.02650833129883,133
Ivory Coast,2016,40.992271423339844,102
Georgia,2016,54.887935638427734,43
Chad,2016,23.882293701171875,149
Togo,2016,37.764427185058594,117
Zimbabwe,2016,33.02650833129883,133
