country,year,heal,rank_heal
Ivory Coast,2015,52.93348693847656,145
Georgia,2015,69.49103546142578,90
Chad,2015,45.198333740234375,149
Togo,2015,54.623443603515625,140
Zimbabwe,2015,62.65385818481445,115
Ivory Coast,2016,52.93348693847656,145
Georgia,2016,69.49103546142578,90
Chad,2016,45.198333740234375,149
Togo,2016,54.623443603515625,140
Zimbabwe,2016,62.65385818481445,115
