country,year,heal,rank_heal
Ivory Coast,2015,53.008487701416016,145
Georgia,2015,69.12520599365234,92
Chad,2015,45.47634506225586,149
Togo,2015,54.48434829711914,140
Zimbabwe,2015,63.21950149536133,110
Ivory Coast,2016,53.008487701416016,145
Georgia,2016,69.12520599365234,92
Chad,2016,45.47634506225586,149
Togo,2016,54.48434829711914,140
Zimbabwe,2016,63.21950149536133,110
