country,year,pers,rank_pers
Ivory Coast,2015,58.24694061279297,78
Georgia,2015,57.06486129760742,79
Chad,2015,35.02414321899414,137
Togo,2015,58.670440673828125,76
Zimbabwe,2015,43.94804763793945,113
Ivory Coast,2016,58.24694061279297,79
Georgia,2016,57.06486129760742,81
Chad,2016,35.02414321899414,137
Togo,2016,58.670440673828125,77
Zimbabwe,2016,43.94804763793945,113
