country,year,prosperity,rank_prosperity
Ivory Coast,2015,320.8695698753981,90
Georgia,2015,364.76688697626463,64
Chad,2015,438.93742189566177,15
Togo,2015,374.192911245027,56
Zimbabwe,2015,383.57739458242935,48
Ivory Coast,2016,320.8696614281325,90
Georgia,2016,364.7669316307692,64
Chad,2016,438.93729219595474,15
Togo,2016,374.192911245027,56
Zimbabwe,2016,383.57739458242935,48
