country,year,safe,rank_safe
Ivory Coast,2015,58.31782150268555,118
Georgia,2015,62.28248977661133,96
Chad,2015,56.14957046508789,126
Togo,2015,59.99066162109375,110
Zimbabwe,2015,60.43204116821289,105
Ivory Coast,2016,58.91766357421875,118
Georgia,2016,62.69890594482422,90
Chad,2016,55.506866455078125,131
Togo,2016,59.99066162109375,109
Zimbabwe,2016,60.43204116821289,105
