country,year,soci,rank_soci
Ivory Coast,2015,44.50967025756836,120
Georgia,2015,47.54141616821289,92
Chad,2015,40.136348724365234,144
Togo,2015,33.70235824584961,148
Zimbabwe,2015,47.342193603515625,94
Ivory Coast,2016,44.50967025756836,120
Georgia,2016,47.54141616821289,92
Chad,2016,40.136348724365234,144
Togo,2016,33.70235824584961,148
Zimbabwe,2016,47.342193603515625,94
