country,year,soci,rank_soci
Ivory Coast,2015,44.843711853027344,116
Georgia,2015,44.37187576293945,122
Chad,2015,40.691246032714844,146
Togo,2015,34.50352096557617,149
Zimbabwe,2015,47.09756088256836,97
Ivory Coast,2016,44.843711853027344,116
Georgia,2016,44.37187576293945,122
Chad,2016,40.691246032714844,146
Togo,2016,34.50352096557617,149
Zimbabwe,2016,47.09756088256836,97
