dataset,importance
busi_train.csv,0.45871211128941747
pers_train.csv,0.23429598314093106
econ_train.csv,0.11779057882528565
safe_train.csv,0.07533637386230842
educ_train.csv,0.059270609150523235
envi_train.csv,0.039063570247153914
soci_train.csv,0.008246968857189263
heal_train.csv,0.004630018812577831
gove_train.csv,0.002653785814613038
