country,year,prosperity,rank_prosperity
Ivory Coast,2015,57.611793518066406,139
Georgia,2015,61.91157531738281,73
Chad,2015,56.21302795410156,147
Togo,2015,59.015560150146484,134
Zimbabwe,2015,61.50315475463867,86
Ivory Coast,2016,57.611793518066406,138
Georgia,2016,61.91157531738281,72
Chad,2016,56.21302795410156,147
Togo,2016,59.015560150146484,134
Zimbabwe,2016,61.50315475463867,86
