feature,importance
ippr,0.34395191073417664
logis,0.1842573583126068
creddtf,0.18166014552116394
insdtf,0.1007203683257103
elcostlnl,0.07890941947698593
