feature,importance
ippr,0.36257243156433105
logis,0.18982939422130585
creddtf,0.15883006155490875
insdtf,0.08892221748828888
stardtf,0.07524649798870087
