feature,importance
banka,0.7106676697731018
povnahc,0.10854007303714752
eqi,0.07047049701213837
amp,0.041456811130046844
povdday,0.023013120517134666
