feature,importance
banka,0.6665687561035156
povnahc,0.19572417438030243
amp,0.03442918509244919
eqi,0.026784855872392654
edi,0.02240021340548992
