feature,importance
qslnl,0.2886616587638855
edqualsc,0.2217460423707962
lityf,0.18698814511299133
litaf,0.16182951629161835
prcompc,0.07392298430204391
