feature,importance
qslnl,0.3242623507976532
lityf,0.290973961353302
edqualsc,0.1845889836549759
prcompc,0.08810418844223022
litaf,0.05945761501789093
