feature,importance
pestreg,0.5704498887062073
wasterwater,0.16066420078277588
fwateruse,0.12271679937839508
terrestprotect,0.04857173562049866
improved_drinkwater,0.031211258843541145
