feature,importance
pestreg,0.5636167526245117
wasterwater,0.1618700474500656
fwateruse,0.11887416988611221
terrestprotect,0.05316061154007912
country_Singapore,0.03070366568863392
