feature,importance
geff,3.291242990173376
judi,3.2772720417990144
ticpi,3.2459611442735614
polrights,3.2131861873134007
polity2,2.037019040737969
