feature,importance
ticpi,0.4136079251766205
polrights,0.25952789187431335
geff,0.2513534724712372
rqual,0.02831961028277874
polity2,0.017600174993276596
