feature,importance
leb,0.3360319435596466
impsan,0.33398333191871643
mort,0.12473436444997787
isocode_TCD,0.05129772052168846
imeas,0.04697384312748909
