feature,importance
impsan,0.39887145161628723
leb,0.3802267909049988
mort,0.11212515085935593
imeas,0.04608603194355965
dpt,0.027119724079966545
