feature,importance
civlib,0.5948529243469238
deathpen,0.25371140241622925
pf,0.07259614020586014
lgbt_rights,0.02756405994296074
rrgov,0.015119567513465881
