feature,importance
civlib,0.577572226524353
deathpen,0.2085215449333191
pf,0.11171955615282059
lgbt_rights,0.024163218215107918
rrgov,0.018833240494132042
