feature,importance
isocode_NGA,-645344928761.2034
country_Nigeria,645344928761.079
isocode_THA,274906053921.34674
country_Thailand,-274906053921.20917
country_Cyprus,162562561508.71362
