feature,importance
warcasual,0.40759947896003723
homilnl,0.2647620439529419
bdeathslnl,0.13451680541038513
pts,0.11658438295125961
rdeathslnl,0.027920449152588844
