feature,importance
warcasual,0.33617350459098816
homilnl,0.2540547549724579
bdeathslnl,0.15724709630012512
pts,0.12012133747339249
country_Uganda,0.02391485683619976
