feature,importance
country_Peru,0.17363423109054565
vtf,0.15105852484703064
isocode_BHR,0.09721452742815018
isonum,0.08674734830856323
country_Thailand,0.08483818918466568
