feature,importance
vtf,0.21702608466148376
isonum,0.1322023570537567
country_Thailand,0.12761583924293518
isocode_MDG,0.07766323536634445
country_Uganda,0.06319506466388702
