R2,MSE,RMSE,MAE
0.9860471691324669,1.6464784571604374,1.283151767002032,0.9159571052397654
