R2,MSE,RMSE,MAE
0.9896220284810093,1.3331540274093574,1.1546228940261654,0.8632492987101507
