R2,MSE,RMSE,MAE
0.991278451567284,0.928039597655703,0.963348118623638,0.7742831338972052
