R2,MSE,RMSE,MAE
0.9906132652523908,0.9964663447775467,0.9982316087850287,0.7530336828039789
