R2,MSE,RMSE,MAE
0.9948340737367911,1.2642761221440313,1.1244003389113824,0.7821043641775246
