R2,MSE,RMSE,MAE
0.995281264767871,1.1306242367630772,1.0633081570095648,0.7261936904600002
