R2,MSE,RMSE,MAE
0.9889941002957902,0.8509067904741088,0.9224460908227151,0.68594176017198
