R2,MSE,RMSE,MAE
0.9883236396068193,0.9945510810762331,0.9972718190524753,0.7250280572263987
