R2,MSE,RMSE,MAE
0.9926543549613884,1.7381634851540413,1.3183942828888637,1.0140480323125856
