R2,MSE,RMSE,MAE
0.9895796773904961,2.4239821832218658,1.5569143146692004,1.2533901173184006
