R2,MSE,RMSE,MAE
0.9869403783210154,1.1273010774118961,1.06174435595952,0.7989221739288948
