R2,MSE,RMSE,MAE
0.9886144660946792,1.0240888820820775,1.0119727674607046,0.7658829529013411
