R2,MSE,RMSE,MAE
0.9817828253973695,4.66756468212005,2.16045473966016,1.6629512774064237
