R2,MSE,RMSE,MAE
0.9840673856128038,4.280997788339669,2.069057222103746,1.5728302065958117
