R2,MSE,RMSE,MAE
0.9906533836261187,0.9420516534433115,0.9705934542553394,0.7876269589655882
