R2,MSE,RMSE,MAE
0.9702762775653411,3.5365052380144064,1.8805598203764766,1.4110649544120635
