R2,MSE,RMSE,MAE
0.9723154243676979,3.3580749077345335,1.8325050907799776,1.3762959089855216
