R2,MSE,RMSE,MAE
0.855995790091217,8.215814303813577,2.866324179818741,2.286078203444513
