R2,MSE,RMSE,MAE
0.8289565269717114,10.119510673567376,3.1811178339645605,2.4660415585409075
